Name,Email
Frederick Johnston,f.johnston@randatmail.com
Madaline Martin,m.martin@randatmail.com
Darcy Rogers,d.rogers@randatmail.com
Blake Smith,b.smith@randatmail.com
Kate Brooks,k.brooks@randatmail.com
Jessica Nelson,j.nelson@randatmail.com
Nicholas Stewart,n.stewart@randatmail.com
Chester Anderson,c.anderson@randatmail.com
Alexander Edwards,a.edwards@randatmail.com
Alen Nelson,a.nelson@randatmail.com
George Mitchell,g.mitchell@randatmail.com
Frederick Cunningham,f.cunningham@randatmail.com
Adrian Adams,a.adams@randatmail.com
Marcus Thompson,m.thompson@randatmail.com
Edward Richards,e.richards@randatmail.com
Sydney Cole,s.cole@randatmail.com
Lenny Foster,l.foster@randatmail.com
Daisy Richards,d.richards@randatmail.com
Leonardo Richards,l.richards@randatmail.com
Kate Warren,k.warren@randatmail.com
Samantha Wells,s.wells@randatmail.com
Alan Brown,a.brown@randatmail.com
Violet Mitchell,v.mitchell@randatmail.com
Lucas Wilson,l.wilson@randatmail.com
Alina Mason,a.mason@randatmail.com
Caroline Phillips,c.phillips@randatmail.com
Alen Hall,a.hall@randatmail.com
Haris Scott,h.scott@randatmail.com
Garry Bennett,g.bennett@randatmail.com
Naomi Murray,n.murray@randatmail.com
Kristian Mason,k.mason@randatmail.com
Edith Morgan,e.morgan@randatmail.com
Victoria Spencer,v.spencer@randatmail.com
Julia Thomas,j.thomas@randatmail.com
Jasmine Chapman,j.chapman@randatmail.com
Paige Reed,p.reed@randatmail.com
Ned Bailey,n.bailey@randatmail.com
Brooke Walker,b.walker@randatmail.com
Aiden Perkins,a.perkins@randatmail.com
Fiona Casey,f.casey@randatmail.com
Michael Morrison,m.morrison@randatmail.com
Mary Carroll,m.carroll@randatmail.com
Connie Thompson,c.thompson@randatmail.com
Miranda Thomas,m.thomas@randatmail.com
Amber Scott,a.scott@randatmail.com
Chloe Brooks,c.brooks@randatmail.com
Julia Warren,j.warren@randatmail.com
Jessica Bennett,j.bennett@randatmail.com
Bruce Wells,b.wells@randatmail.com
Maddie Campbell,m.campbell@randatmail.com
Savana Baker,s.baker@randatmail.com
Edith Henderson,e.henderson@randatmail.com
Maria Johnson,m.johnson@randatmail.com
Heather Watson,h.watson@randatmail.com
Julia Williams,j.williams@randatmail.com
Ellia Scott,e.scott@randatmail.com
Martin Riley,m.riley@randatmail.com
Adelaide Johnson,a.johnson@randatmail.com
Julia Reed,j.reed@randatmail.com
Savana Crawford,s.crawford@randatmail.com
Agata Ferguson,a.ferguson@randatmail.com
Thomas Kelly,t.kelly@randatmail.com
Walter Hawkins,w.hawkins@randatmail.com
Tyler Fowler,t.fowler@randatmail.com
Lilianna Russell,l.russell@randatmail.com
Camila Parker,c.parker@randatmail.com
Haris Ross,h.ross@randatmail.com
Jordan Carroll,j.carroll@randatmail.com
Tara Clark,t.clark@randatmail.com
Daniel Harper,d.harper@randatmail.com
Ada Anderson,a.anderson@randatmail.com
Carina Harrison,c.harrison@randatmail.com
Dexter Hamilton,d.hamilton@randatmail.com
Maximilian Reed,m.reed@randatmail.com
Jasmine Crawford,j.crawford@randatmail.com
Sydney Perkins,s.perkins@randatmail.com
Sienna Parker,s.parker@randatmail.com
Jessica Higgins,j.higgins@randatmail.com
James Davis,j.davis@randatmail.com
Eleanor Farrell,e.farrell@randatmail.com
Edith Tucker,e.tucker@randatmail.com
Paul Cameron,p.cameron@randatmail.com
Kristian Walker,k.walker@randatmail.com
Sienna Howard,s.howard@randatmail.com
Kellan Cole,k.cole@randatmail.com
Eleanor Reed,e.reed@randatmail.com
Adison Stewart,a.stewart@randatmail.com
Chelsea Allen,c.allen@randatmail.com
Emily Wells,e.wells@randatmail.com
Kate Reed,k.reed@randatmail.com
Spike Richardson,s.richardson@randatmail.com
Aida Wilson,a.wilson@randatmail.com
Lenny Murphy,l.murphy@randatmail.com